{"Apples": 1.1109301079006388, "Oranges": 1.140379472330419, "Grapes": 1.163292205145399, "Steak": 2.275492297808756, "Sausages": 1.0181518766447182, "Eggs": 0.7877980444824543, "Coffee powder": 4.354689512659601, "Underwear": 0.7498067016999341, "Gloves": 0.7225883365540141, "Dress": 1.0253840149664972, "Stiletto Heel": 0.834304644620077, "Handbags": 0.9588072235428069, "Sneakers": 1.3455092670207698, "Bricks": 0.004413898285995264, "Planks": 0.00012903563906238163}