{"Apple pie": 0.0009223372036854776, "Cheese": 0.0009223372036854776, "Frozen pizza": 0.0009223372036854776, "Chocolate": 0.0009223372036854776, "Apples": 0.9935978090158137, "Oranges": 1.0037979847643084, "Grapes": 1.0570932477557509, "Steak": 2.3975847646718607, "Sausages": 1.6354265992073358, "Eggs": 0.9308054165632139, "Coffee powder": 4.115201619542124, "Orange juice": 0.0009223372036854776, "Apple cider": 0.0009223372036854776, "Ginger beer": 0.0009223372036854776}