{"Coffee powder": 1.405167057984667, "Orange juice": 1.7631814577200846, "Apple cider": 1.534179934232792, "Cheese": 7.038063415376226, "Ginger beer": 2.0409278356788176, "Chocolate": 11.111375237114434, "Grapes": 0.7487338358730827, "Steak": 1.174897127262939, "Apple pie": 2.5851734154160835, "Frozen pizza": 12.464811980231723, "Oranges": 0.6115484783258801, "Apples": 0.6255668720794257, "Sausages": 0.550251669566408, "Eggs": 0.3040445834577693}