{"Apples": 1.1125116570078297, "Oranges": 1.1121793870380874, "Cheese": 0.0035184372088832004, "Frozen pizza": 0.0035184372088832004, "Chocolate": 0.0035184372088832004, "Grapes": 1.2040315819111522, "Steak": 2.199911839021676, "Sausages": 1.447851779671451, "Eggs": 0.8418997140346629, "Coffee powder": 3.246970928312332, "Apple pie": 0.0035184372088832004, "Orange juice": 0.0035184372088832004, "Apple cider": 0.0035184372088832004, "Ginger beer": 0.0035184372088832004}