{"Apples": 1.0267693772601443, "Oranges": 1.0384118297002296, "Grapes": 1.0932642336895557, "Steak": 2.141500263356872, "Chocolate": 3.741444191567113e-07, "Sausages": 1.1127157153798997, "Eggs": 0.7441673728182012, "Coffee powder": 4.63890008398951, "Orange juice": 3.741444191567113e-07, "Apple cider": 3.741444191567113e-07, "Ginger beer": 3.741444191567113e-07, "Petrol": 3.741444191567113e-07, "Diesel": 3.741444191567113e-07, "Underwear": 0.7777309821525605, "Gloves": 0.7255704003465114, "Dress": 1.1394480034209058, "Stiletto Heel": 0.8223241869252259, "Handbags": 0.9670799157812409, "Sneakers": 1.4181188638052247, "Bricks": 0.004173529255078734, "Planks": 0.00015808712683990214}