{"Apples": 1.3033006842298458, "Oranges": 1.3103892937777863, "Coffee powder": 4.85079473042865, "Apple pie": 0.0004722366482869646, "Cheese": 0.0004722366482869646, "Frozen pizza": 0.0004722366482869646, "Grapes": 1.3624439832457522, "Steak": 2.64460234392605, "Sausages": 1.6419437202867377, "Eggs": 1.0934645980973579, "Chocolate": 0.0004722366482869646, "Orange juice": 0.0004722366482869646, "Apple cider": 0.0004722366482869646, "Ginger beer": 0.0004722366482869646, "Luxury watch": 0.0004722366482869646, "Necklace": 0.0004722366482869646, "Underwear": 0.3312598263030456, "Gloves": 0.17132654898939073, "Dress": 0.06271288721150525, "Stiletto Heel": 0.02219530093757486, "Handbags": 0.24229262554968817, "Sneakers": 0.06528439637160185, "Bricks": 0.010432518871630245, "Cement": 0.0004722366482869646, "Planks": 0.0007035479511864754, "Windows": 0.0004722366482869646, "Tools": 0.0004722366482869646}