{"Apples": 1.1367435016984773, "Oranges": 1.1756225305497878, "Grapes": 1.183423996306288, "Steak": 2.2778273702513157, "Sausages": 1.0010949955899746, "Eggs": 0.7937996669827241, "Coffee powder": 4.306822483859736, "Underwear": 0.7518610565279221, "Gloves": 0.7162422863870795, "Dress": 0.967560284290456, "Stiletto Heel": 0.8346819380877364, "Handbags": 0.9581870819458377, "Sneakers": 1.3011564983226789, "Bricks": 0.00470049164092681, "Planks": 0.00015904055841626526}