{"Apples": 1.0547730347488695, "Oranges": 1.0722046431421384, "Grapes": 1.1143652469427787, "Steak": 2.183377179383061, "Sausages": 1.089995500565895, "Eggs": 0.7693517046639381, "Coffee powder": 4.466519712816721, "Underwear": 0.7410738758160417, "Gloves": 0.7081738868401194, "Dress": 1.0786209501887436, "Stiletto Heel": 0.8325087260878679, "Handbags": 0.9516892587408394, "Sneakers": 1.427783095993205, "Bricks": 0.004231598917097041, "Planks": 0.0001013449720472989}