{"Coffee powder": 3.0474785067910872, "Apple pie": 0.004398046511104, "Cheese": 0.004398046511104, "Frozen pizza": 0.004398046511104, "Chocolate": 0.004398046511104, "Apples": 1.1199495989189976, "Oranges": 1.1189683256723917, "Grapes": 1.2232558511205256, "Steak": 2.102062276069676, "Sausages": 1.3736872260414887, "Eggs": 0.8029803217635234, "Orange juice": 0.004398046511104, "Apple cider": 0.004398046511104, "Ginger beer": 0.004398046511104}