{"Apples": 1.0491767043345275, "Oranges": 1.05262372025784, "Grapes": 1.109761535922922, "Steak": 2.470500311751376, "Sausages": 1.6250835203539524, "Eggs": 0.947296917844563, "Coffee powder": 3.9411115358184987, "Apple pie": 0.0014411518807585589, "Cheese": 0.0014411518807585589, "Frozen pizza": 0.0014411518807585589, "Chocolate": 0.0014411518807585589, "Orange juice": 0.0014411518807585589, "Apple cider": 0.0014411518807585589, "Ginger beer": 0.0014411518807585589}