{"Apples": 1.3033006842298458, "Oranges": 1.3103892937777863, "Coffee powder": 4.85079473042865, "Apple pie": 0.0004722366482869646, "Cheese": 0.0004722366482869646, "Frozen pizza": 0.0004722366482869646, "Grapes": 1.3624439832457522, "Steak": 2.64460234392605, "Sausages": 1.6419437202867377, "Eggs": 1.0934645980973579, "Chocolate": 0.0004722366482869646, "Orange juice": 0.0004722366482869646, "Apple cider": 0.0004722366482869646, "Ginger beer": 0.0004722366482869646}