{"Apples": 1.2462955960094628, "Oranges": 1.1752001994992707, "Grapes": 1.2659825208956512, "Steak": 2.3175346041731055, "Sausages": 0.936435354416791, "Eggs": 0.830949092707894, "Coffee powder": 4.251096809625112, "Underwear": 0.775964714747399, "Gloves": 0.6745586134660883, "Dress": 0.8249163012992664, "Stiletto Heel": 0.7787366088080392, "Handbags": 0.9305830868894087, "Sneakers": 1.1185709362934944, "Bricks": 0.00588678147524367, "Planks": 0.00024112626818039378}