{"Apples": 1.3429015141469942, "Oranges": 1.2307001911726747, "Grapes": 1.3374563188126458, "Steak": 2.3440657633208, "Sausages": 0.9634650251690516, "Eggs": 0.8782746812406341, "Coffee powder": 4.242186539342924, "Underwear": 0.785804415809691, "Gloves": 0.6284552901782294, "Dress": 0.7594930385452618, "Stiletto Heel": 0.6861612453271613, "Handbags": 0.9266540125925449, "Sneakers": 0.8974660434744971, "Bricks": 0.007423807628914682, "Planks": 0.00021904963437096732}