{"Apples": 1.3937562388785312, "Oranges": 1.3283803455987517, "Grapes": 1.3971267777926655, "Steak": 2.489640196084877, "Sausages": 1.1038137595349296, "Eggs": 0.9487426096286949, "Coffee powder": 4.373987928217913, "Underwear": 0.7873480543945244, "Gloves": 0.6475388040467289, "Dress": 0.5686187430285005, "Stiletto Heel": 0.36801631146027425, "Handbags": 0.8578101457599818, "Sneakers": 0.5329929693938963, "Bricks": 0.009395986674510576, "Planks": 0.0003919753916491928}