{"Grapes": 1.113839385478893, "Steak": 2.200404905104853, "Sausages": 1.0766440635319554, "Eggs": 0.7645761174104178, "Apples": 1.0582550385089067, "Oranges": 1.0863146901582286, "Coffee powder": 4.479426560533359, "Underwear": 0.7398673542315872, "Gloves": 0.7185914676652232, "Dress": 1.0695978665910935, "Stiletto Heel": 0.8328576778880699, "Handbags": 0.9399138425297082, "Sneakers": 1.421044481564751, "Bricks": 0.00430856398866483, "Planks": 0.00011267667023620394}