{"Apples": 1.1499187967617015, "Oranges": 1.1902812047604725, "Grapes": 1.1873197143085876, "Steak": 2.2843611209478327, "Sausages": 0.993694749113325, "Eggs": 0.7989203164427865, "Coffee powder": 4.270012677057708, "Underwear": 0.7433674815474377, "Gloves": 0.7244170402154919, "Dress": 0.9338859829534062, "Stiletto Heel": 0.8175298153375031, "Handbags": 0.9608596146553248, "Sneakers": 1.2717256073409355, "Bricks": 0.004681148722962247, "Planks": 0.00019161635605380827}