{"Apples": 1.3219906348134134, "Oranges": 1.2219070632951752, "Grapes": 1.3354097971789085, "Steak": 2.333710940366565, "Sausages": 0.9536532505598247, "Eggs": 0.8623529915863788, "Coffee powder": 4.210328951921857, "Underwear": 0.7915100009922662, "Gloves": 0.6382377436748354, "Dress": 0.7828890174406204, "Stiletto Heel": 0.7227204305822765, "Handbags": 0.9236015819003729, "Sneakers": 0.9608886115038164, "Bricks": 0.007134329994366634, "Planks": 0.00021762312654579878}