{"Apples": 1.372332644935205, "Oranges": 1.2827976982623557, "Grapes": 1.363615670390279, "Steak": 2.4137178392051477, "Sausages": 1.0122097816652718, "Eggs": 0.9194010423628327, "Coffee powder": 4.277620287428568, "Underwear": 0.7864944455338636, "Gloves": 0.6388091362747366, "Dress": 0.6980523069409916, "Stiletto Heel": 0.5412639823163855, "Handbags": 0.9212428558867076, "Sneakers": 0.7233377057633648, "Bricks": 0.008457933782375113, "Planks": 0.00028480878190722755}