{"Coffee powder": 3.4373202607896234, "Apples": 1.1049779937306305, "Oranges": 1.107779038325386, "Grapes": 1.1704159533934855, "Apple pie": 0.00281474976710656, "Cheese": 0.00281474976710656, "Steak": 2.3216616587610246, "Sausages": 1.5069519519099333, "Eggs": 0.8820796865506452, "Frozen pizza": 0.00281474976710656, "Chocolate": 0.00281474976710656, "Orange juice": 0.00281474976710656, "Apple cider": 0.00281474976710656, "Ginger beer": 0.00281474976710656}