{"Apples": 1.3879051486538543, "Oranges": 1.3695080763183392, "Grapes": 1.3879745014373612, "Steak": 2.550166992491657, "Sausages": 1.2097098879083554, "Eggs": 1.0004722009444669, "Coffee powder": 4.485478522734864, "Underwear": 0.73891003471725, "Gloves": 0.572030801912638, "Dress": 0.41214573218706346, "Stiletto Heel": 0.17293282243128374, "Handbags": 0.7370971375966775, "Sneakers": 0.3702778581789271, "Bricks": 0.010531890012171594, "Planks": 0.0004171318589496325}