{"Chocolate": 0.008285157330503903, "Apples": 1.1209152399452917, "Oranges": 1.1481549876139268, "Grapes": 1.1961880401020504, "Steak": 2.411183735687184, "Sausages": 1.2486795454501949, "Eggs": 0.8093153634861696, "Coffee powder": 5.2112024631950655, "Orange juice": 0.00577659837289189, "Apple cider": 0.04611944537179199, "Ginger beer": 0.008029834853127518, "Petrol": 0.00915562134465804, "Diesel": 0.008407064048652843, "Underwear": 0.8545265825273306, "Gloves": 0.7878421744012579, "Dress": 1.2255939943756133, "Stiletto Heel": 0.8938425203981388, "Handbags": 1.0912814423762718, "Sneakers": 1.4839268538850277, "Bricks": 0.004672790967972096, "Planks": 0.00012903655564723546}