{"Apples": 1.3676112065412833, "Coffee powder": 4.57938749286669, "Oranges": 1.3726217045243136, "Grapes": 1.3999000799540755, "Steak": 2.551301975049894, "Sausages": 1.3079077292413435, "Eggs": 1.0192888782518437, "Underwear": 0.6849739344327972, "Gloves": 0.48641974172939423, "Dress": 0.33093298261638043, "Stiletto Heel": 0.10575765960839827, "Handbags": 0.656602963831773, "Sneakers": 0.29201297206461135, "Bricks": 0.010967196224335198, "Planks": 0.0004940423195703221}