{"Frozen pizza": 0.0005902958103587057, "Chocolate": 0.0005902958103587057, "Apples": 1.2376087141660415, "Coffee powder": 4.897703299021685, "Apple pie": 0.0005902958103587057, "Cheese": 0.0005902958103587057, "Oranges": 1.2546888614929845, "Grapes": 1.3116794491194006, "Steak": 2.6919406896273372, "Sausages": 1.7682773220124943, "Eggs": 1.1035976529768923, "Orange juice": 0.0005902958103587057, "Apple cider": 0.0005902958103587057, "Ginger beer": 0.0005902958103587057}