{"Apples": 1.013588082511142, "Oranges": 1.0182055443089741, "Coffee powder": 4.03266881971409, "Grapes": 1.076756543638435, "Steak": 2.417288113067994, "Sausages": 1.6259469299407958, "Eggs": 0.937845561605946, "Apple pie": 0.001152921504606847, "Cheese": 0.001152921504606847, "Frozen pizza": 0.001152921504606847, "Chocolate": 0.001152921504606847, "Orange juice": 0.001152921504606847, "Apple cider": 0.001152921504606847, "Ginger beer": 0.001152921504606847}