{"Apples": 1.434804042205997, "Oranges": 1.5025002176588491, "Grapes": 1.56735277484979, "Steak": 3.238921772572553, "Sausages": 1.590846773344356, "Eggs": 1.0621567322533945, "Chocolate": 0.9637206390045172, "Coffee powder": 6.722342648390547, "Orange juice": 0.4231855779859888, "Apple cider": 1.2779794359494165, "Ginger beer": 0.823374039301959, "Petrol": 0.2316076896140919, "Diesel": 0.2178001864140257, "Underwear": 1.1282097606524721, "Gloves": 0.9887091587056404, "Dress": 1.507370604152229, "Stiletto Heel": 1.1460375617623473, "Handbags": 1.46458921627774, "Sneakers": 1.7482269395424446, "Bricks": 0.008398905314206517, "Planks": 0.00012071807338002332}