{"Coffee powder": 3.643066458054829, "Apple pie": 0.002251799813685248, "Cheese": 0.002251799813685248, "Frozen pizza": 0.002251799813685248, "Chocolate": 0.002251799813685248, "Apples": 1.0919256528063261, "Oranges": 1.092741509401804, "Grapes": 1.1519064855096013, "Steak": 2.3986654167839303, "Sausages": 1.5668131283472442, "Eggs": 0.9169279139360971, "Orange juice": 0.002251799813685248, "Apple cider": 0.002251799813685248, "Ginger beer": 0.002251799813685248}