{"Steak": 2.425082566684424, "Sausages": 1.055111765502682, "Eggs": 0.9340716776994336, "Coffee powder": 4.328348496518141, "Apples": 1.3877972864628347, "Oranges": 1.3055304629406885, "Grapes": 1.388895549701425, "Underwear": 0.7933957394825635, "Gloves": 0.6406148150246196, "Dress": 0.6360048049459427, "Stiletto Heel": 0.449397700070609, "Handbags": 0.9002277926266299, "Sneakers": 0.631728647867405, "Bricks": 0.008906992906959843, "Planks": 0.00031477156869597436}