{"Apples": 1.1687010864362137, "Oranges": 1.192563767634447, "Grapes": 1.1999177548997797, "Steak": 2.3025230657321507, "Sausages": 0.9827396426003263, "Eggs": 0.8024569032018386, "Coffee powder": 4.269415555165743, "Underwear": 0.7507307376194083, "Gloves": 0.7219681230030794, "Dress": 0.8924549255158647, "Stiletto Heel": 0.8055701222091992, "Handbags": 0.9365444401690937, "Sneakers": 1.2521878952520553, "Bricks": 0.004820978320888702, "Planks": 0.00023537779532564225}