{"Apples": 1.3394983466267887, "Oranges": 1.341470241599199, "Grapes": 1.3948171876114848, "Steak": 2.6324806836703325, "Sausages": 1.5247837344101032, "Eggs": 1.0721881924299184, "Coffee powder": 4.768139123951329, "Underwear": 0.4924366201984613, "Gloves": 0.2826109686128648, "Dress": 0.1542149839884115, "Stiletto Heel": 0.044358125444047436, "Handbags": 0.41553271813730747, "Sneakers": 0.13124406951187867, "Bricks": 0.010946866748666862, "Planks": 0.0006568864809731342}