{"Apples": 1.3633954866883766, "Oranges": 1.3610355726351828, "Coffee powder": 4.656183801376481, "Grapes": 1.395373880900118, "Steak": 2.588433122806505, "Sausages": 1.4095750220354195, "Eggs": 1.050640152814857, "Underwear": 0.6140929515669438, "Gloves": 0.3902093675956919, "Dress": 0.2423662379566615, "Stiletto Heel": 0.0733580790533377, "Handbags": 0.5487793833612162, "Sneakers": 0.21316576704921855, "Bricks": 0.011029992920635456, "Planks": 0.0005537891528236011}