{"Apples": 1.19455739924057, "Oranges": 1.1762751261669362, "Grapes": 1.2271325035669534, "Steak": 2.3198419086809405, "Sausages": 0.9491267517626515, "Eggs": 0.816297315073367, "Coffee powder": 4.283963978111618, "Underwear": 0.7552514271442254, "Gloves": 0.7074404499158509, "Dress": 0.8326425658763175, "Stiletto Heel": 0.7818885296155742, "Handbags": 0.9355015783528122, "Sneakers": 1.18612575094138, "Bricks": 0.005288592080513159, "Planks": 0.000296979364145176}