{"Apples": 1.1736015007359337, "Oranges": 1.1924759047948235, "Grapes": 1.212877118218001, "Steak": 2.3106822840130086, "Sausages": 0.9576854557585328, "Eggs": 0.8094512272445327, "Coffee powder": 4.2679267951677975, "Underwear": 0.752739602483682, "Gloves": 0.7206362522939006, "Dress": 0.8669601074091838, "Stiletto Heel": 0.7906385145500664, "Handbags": 0.9330322757256202, "Sneakers": 1.2106501560394736, "Bricks": 0.004993698691733262, "Planks": 0.00024666354519710507}