{"Apples": 1.3892916451434647, "Oranges": 1.3464594044799356, "Grapes": 1.3923290957187873, "Steak": 2.511118354743775, "Sausages": 1.147460878137104, "Eggs": 0.9727652541558192, "Coffee powder": 4.409063498826706, "Underwear": 0.7712096884483731, "Gloves": 0.6195498160697042, "Dress": 0.4903177169368508, "Stiletto Heel": 0.2682419524316651, "Handbags": 0.8104937330281168, "Sneakers": 0.4434528688167153, "Bricks": 0.010430979081818706, "Planks": 0.0004198978078977699}