{"Grapes": 1.170096778660634, "Steak": 2.264648986322226, "Sausages": 1.0236774294457862, "Eggs": 0.7857686677487475, "Apples": 1.125978060662511, "Oranges": 1.162576957154673, "Coffee powder": 4.311855541486219, "Underwear": 0.7492463807784351, "Gloves": 0.7224279562749958, "Dress": 0.9934228304095095, "Stiletto Heel": 0.831483351076803, "Handbags": 0.9565267241620441, "Sneakers": 1.3298671765094277, "Bricks": 0.004576753412539861, "Planks": 0.00013421253312868896}