{"Apples": 1.3608431502586742, "Oranges": 1.2549568507821713, "Grapes": 1.356234848753737, "Steak": 2.370681338097122, "Sausages": 0.9894649747705693, "Eggs": 0.8970778931413415, "Coffee powder": 4.26445630665454, "Underwear": 0.7848213571337253, "Gloves": 0.626857255209093, "Dress": 0.7420692362900577, "Stiletto Heel": 0.6267948455336912, "Handbags": 0.9312988324222475, "Sneakers": 0.8168037579932559, "Bricks": 0.007891360161957402, "Planks": 0.00022804126980897319}