{"Apples": 1.266319495733145, "Oranges": 1.1815416791955589, "Grapes": 1.2886605668558717, "Steak": 2.288580754448586, "Sausages": 0.9410933168845222, "Eggs": 0.8424156723837392, "Coffee powder": 4.2486039959567625, "Underwear": 0.7830762744660648, "Gloves": 0.6593879386400074, "Dress": 0.8220338456442982, "Stiletto Heel": 0.7767780478328644, "Handbags": 0.9281264240223066, "Sneakers": 1.0716986994961126, "Bricks": 0.006388686540347838, "Planks": 0.0002684945676325566}