{"Apples": 1.2187336488733689, "Oranges": 1.1747975984440704, "Grapes": 1.2484744209600664, "Steak": 2.307465242387914, "Sausages": 0.9375738577940274, "Eggs": 0.8219876482470934, "Coffee powder": 4.267113602879077, "Underwear": 0.7654518976519196, "Gloves": 0.6861907652660959, "Dress": 0.8289571771764453, "Stiletto Heel": 0.7696914122215048, "Handbags": 0.9260709426312663, "Sneakers": 1.1422527187131153, "Bricks": 0.005716379489771044, "Planks": 0.00026023311060757867}