{"Coffee powder": 3.838430218458955, "Apple pie": 0.0018014398509481986, "Apples": 1.0804458978093616, "Oranges": 1.0801713381410796, "Grapes": 1.1340379463946824, "Steak": 2.465631412230043, "Sausages": 1.616464928536071, "Eggs": 0.9401555510675912, "Cheese": 0.0018014398509481986, "Frozen pizza": 0.0018014398509481986, "Chocolate": 0.0018014398509481986, "Orange juice": 0.0018014398509481986, "Apple cider": 0.0018014398509481986, "Ginger beer": 0.0018014398509481986}