{"Apples": 1.2951592050236087, "Oranges": 1.2069524995284822, "Grapes": 1.2908277028572521, "Steak": 2.3002299634685226, "Sausages": 0.9545123681988302, "Eggs": 0.8563932967199568, "Coffee powder": 4.213360130398506, "Underwear": 0.7901981567748959, "Gloves": 0.6510503195143409, "Dress": 0.8081638231221969, "Stiletto Heel": 0.7508505811402474, "Handbags": 0.9213596164115406, "Sneakers": 1.0210739264064408, "Bricks": 0.006774842187021225, "Planks": 0.0002249996441534582}